[
  {
    "metadataOutputVersion" : "3.0",
    "storagePrecision" : "Float16",
    "outputSchema" : [
      {
        "hasShapeFlexibility" : "0",
        "isOptional" : "0",
        "dataType" : "Float32",
        "formattedType" : "MultiArray (Float32 1 × 1500 × 512)",
        "shortDescription" : "",
        "shape" : "[1, 1500, 512]",
        "name" : "output",
        "type" : "MultiArray"
      }
    ],
    "modelParameters" : [

    ],
    "specificationVersion" : 6,
    "mlProgramOperationTypeHistogram" : {
      "Concat" : 6,
      "Gelu" : 8,
      "LayerNorm" : 13,
      "Transpose" : 7,
      "Softmax" : 48,
      "Squeeze" : 1,
      "Cast" : 2,
      "Add" : 13,
      "Einsum" : 96,
      "ExpandDims" : 1,
      "Split" : 18,
      "Conv" : 38
    },
    "computePrecision" : "Mixed (Float16, Float32, Int32)",
    "isUpdatable" : "0",
    "availability" : {
      "macOS" : "12.0",
      "tvOS" : "15.0",
      "visionOS" : "1.0",
      "watchOS" : "8.0",
      "iOS" : "15.0",
      "macCatalyst" : "15.0"
    },
    "modelType" : {
      "name" : "MLModelType_mlProgram"
    },
    "userDefinedMetadata" : {
      "com.github.apple.coremltools.source_dialect" : "TorchScript",
      "com.github.apple.coremltools.source" : "torch==1.11.0",
      "com.github.apple.coremltools.version" : "7.2"
    },
    "inputSchema" : [
      {
        "hasShapeFlexibility" : "0",
        "isOptional" : "0",
        "dataType" : "Float32",
        "formattedType" : "MultiArray (Float32 1 × 80 × 3000)",
        "shortDescription" : "",
        "shape" : "[1, 80, 3000]",
        "name" : "logmel_data",
        "type" : "MultiArray"
      }
    ],
    "generatedClassName" : "coreml_encoder_base_en",
    "method" : "predict"
  }
]